﻿<?xml version="1.0" encoding="utf-8" ?>
<FormsUsers>
  <!--
  NOTE: Updates to this file should be picked up automatically without having to restart Qlik Web Connectors.
  -->
  <Users>
    <!-- 
    We recommend you follow the notes here if you wish to set up users and remote access to Qlik Web Connectors:
    http://help.qlik.com/en-US/connectors/csh/client/Web_Connectors_help|Advanced_configuration
    Which explains how to copy the sample config files from 'Sample Configs\Forms Auth and Remote Access'.    
    If you wish to use this simple logins.xml with unhashed password you can set the PasswordChecker in deploy.config to
    PlainTextPasswordChecker and AllowRemoteAccess to true.
    -->
    <User>
      <Guid>846c7f7a-1b50-4f6d-ac87-3be1976c2364</Guid>
      <UserAccessToken>1h7jh3i6h3o7k</UserAccessToken>
      <Username>admin@yourdomain.com</Username>
      <Password>password01</Password>
      <!-- Set as Admin to give users additional functionality in UI, otherwise leave empty. -->
      <Roles>Admin</Roles>
    </User>
    <User>
      <Guid>be75c735-ef8c-40ea-8188-9fc6b2bfaa39</Guid>
      <UserAccessToken>9k8g3j7n3kj6</UserAccessToken>
      <Username>user@yourdomain.com</Username>
      <Password>password01</Password>
      <Roles></Roles>
    </User>
  </Users>
</FormsUsers>